mutation_id	sample_id	cluster_id	cellular_prevalence	cellular_prevalence_std	variant_allele_frequency
NA12156:AB:chr13:32906729	SRR385941	2	0.6667812553130772	0.006076824210801631	0.2704665492957746
NA12156:AB:chr13:32906729	SRR385940	2	0.13014985852097413	0.003589077088480727	0.07454057402436506
NA12156:AB:chr13:32906729	SRR385938	2	0.011248267682296762	0.002573580367887044	0.0015530964861192001
NA12156:AB:chr13:32906729	SRR385939	2	0.03638854580592555	0.006692712990643579	0.011708355508249068
NA12156:AB:chr19:55494651	SRR385941	2	0.6668117960205125	0.004188515565524069	0.3181058495821727
NA12156:AB:chr19:55494651	SRR385940	2	0.13013578886378394	0.0034129209691967925	0.06414719045251119
NA12156:AB:chr19:55494651	SRR385938	2	0.011258701679293041	0.003530179417120891	0.0014691478942213516
NA12156:AB:chr19:55494651	SRR385939	2	0.03643317678042221	0.008485312374563457	0.018826135105204873
NA12156:AB:chr22:32587302	SRR385941	2	0.6668498903033668	0.004418447054854482	0.2961591855622397
NA12156:AB:chr22:32587302	SRR385940	2	0.13018842125489613	0.006735687161779176	0.057931570762052874
NA12156:AB:chr22:32587302	SRR385938	2	0.011290259124904573	0.005630417120241782	0.001304631441617743
NA12156:AB:chr22:32587302	SRR385939	2	0.03640675637718343	0.008284815505536383	0.012015292190060076
NA12156:AB:chr2:26699003	SRR385941	2	0.6668575721006242	0.004439781280512106	0.3273896521484946
NA12156:AB:chr2:26699003	SRR385940	2	0.1301330523486467	0.00376964835540831	0.069805639200657
NA12156:AB:chr2:26699003	SRR385938	2	0.011253361434545882	0.002638521582177719	0.007170795306388526
NA12156:AB:chr2:26699003	SRR385939	2	0.03630709425856993	0.003210224437795878	0.012878787878787878
NA12156:AB:chr2:33487873	SRR385941	2	0.6668264831140812	0.006573230236340041	0.36161663909241315
NA12156:AB:chr2:33487873	SRR385940	2	0.13012172246727838	0.0037937015504278917	0.06878433245760687
NA12156:AB:chr2:33487873	SRR385938	2	0.011320042578527116	0.0072597107062228675	0.004018754186202277
NA12156:AB:chr2:33487873	SRR385939	2	0.03632745350768066	0.004834954473432824	0.01632801161103048
NA12156:AB:chr3:37053568	SRR385941	2	0.6668198790974889	0.004194574071618883	0.33262823902696986
NA12156:AB:chr3:37053568	SRR385940	2	0.13023754289085557	0.009219987212295316	0.0752453653217012
NA12156:AB:chr3:37053568	SRR385938	2	0.011277047648465153	0.004669058416779767	0.007449605609114811
NA12156:AB:chr3:37053568	SRR385939	2	0.036346960366072024	0.0037817347144246042	0.019027484143763214
NA12156:AB:chr7:116435768	SRR385941	2	0.6668509077599423	0.004580128592615586	0.3408736349453978
NA12156:AB:chr7:116435768	SRR385940	2	0.13015880540465544	0.004697029748188451	0.07463016118348421
NA12156:AB:chr7:116435768	SRR385938	2	0.01134774626269164	0.010129578958906206	0.00535751081805069
NA12156:AB:chr7:116435768	SRR385939	2	0.036360076002251634	0.006965505826769261	0.01474036850921273
NA12156:BB:chr11:117096652	SRR385941	2	0.6667435234859185	0.007711579993623254	0.6587693320171109
NA12156:BB:chr11:117096652	SRR385940	2	0.13023139974962372	0.00681738190908478	0.14616965071910773
NA12156:BB:chr11:117096652	SRR385938	2	0.011306921156152477	0.008222529136424584	0.008935219657483246
NA12156:BB:chr11:117096652	SRR385939	2	0.03643931079514421	0.007633794505149193	0.022179732313575527
NA12156:BB:chr11:118178007	SRR385941	2	0.6668110604528571	0.0044290738681865335	0.6987911349899262
NA12156:BB:chr11:118178007	SRR385940	2	0.1301957606346081	0.006018425738323717	0.12652939421068338
NA12156:BB:chr11:118178007	SRR385938	2	0.01131559912732206	0.007993562067270827	0.013347570742124934
NA12156:BB:chr11:118178007	SRR385939	2	0.036396342362727555	0.007361361505140997	0.02936996684036002
NA12156:BB:chr11:18291321	SRR385941	2	0.6668071266627993	0.00415747851458743	0.6713859910581222
NA12156:BB:chr11:18291321	SRR385940	2	0.13023357444137126	0.007496739672187769	0.1350729086722947
NA12156:BB:chr11:18291321	SRR385938	2	0.011317887374543539	0.009526480903631174	0.012737322758952174
NA12156:BB:chr11:18291321	SRR385939	2	0.036397029261600655	0.004485182333519511	0.03194444444444444
NA12156:BB:chr11:5364450	SRR385941	2	0.6668196763391273	0.007088154438237528	0.7207014542343884
NA12156:BB:chr11:5364450	SRR385940	2	0.1301419433126364	0.004235567473904785	0.13199626865671643
NA12156:BB:chr11:5364450	SRR385938	2	0.0113431470863926	0.009447192998230755	0.013911355548366224
NA12156:BB:chr11:5364450	SRR385939	2	0.0362969037905909	0.0030213597812857834	0.018028169014084508
NA12156:BB:chr11:5529152	SRR385941	2	0.6667463736670922	0.006127891711902374	0.6737373737373737
NA12156:BB:chr11:5529152	SRR385940	2	0.13024604666206532	0.007056750433679232	0.12889561270801816
NA12156:BB:chr11:5529152	SRR385938	2	0.011311672150630087	0.009349502088863529	0.019098309329993738
NA12156:BB:chr11:5529152	SRR385939	2	0.036476832047089666	0.007466041162379184	0.051056338028169015
NA12156:BB:chr12:132631855	SRR385941	2	0.6667357271410204	0.006952609434939042	0.6661129568106312
NA12156:BB:chr12:132631855	SRR385940	2	0.13025591767184802	0.00862485162281184	0.14546965918536992
NA12156:BB:chr12:132631855	SRR385938	2	0.011251503504295714	0.00414132865156726	0.004187385501177702
NA12156:BB:chr12:132631855	SRR385939	2	0.036513740886054614	0.010591919390780477	0.024006001500375095
NA12156:BB:chr12:13764774	SRR385941	2	0.6667561794017433	0.005224048234816693	0.6611098424297784
NA12156:BB:chr12:13764774	SRR385940	2	0.13022465630710234	0.005721178223712405	0.13231552162849872
NA12156:BB:chr12:13764774	SRR385938	2	0.01129989084463693	0.0084411343206359	0.0029965753424657533
NA12156:BB:chr12:13764774	SRR385939	2	0.036500317063603675	0.008720129604295208	0.039847539847539845
NA12156:BB:chr12:77419593	SRR385941	2	0.6667625906925342	0.004855378325509916	0.6764851485148515
NA12156:BB:chr12:77419593	SRR385940	2	0.13025070726442345	0.00797589023267493	0.12678288431061807
NA12156:BB:chr12:77419593	SRR385938	2	0.0112522436100525	0.003945787776501833	0.005450733752620545
NA12156:BB:chr12:77419593	SRR385939	2	0.03646176732309778	0.005894596496376518	0.04401567681640036
NA12156:BB:chr14:21109745	SRR385941	2	0.6667655457922034	0.007018339465339503	0.6687462863933452
NA12156:BB:chr14:21109745	SRR385940	2	0.1302028001708325	0.00707638416739105	0.12287334593572778
NA12156:BB:chr14:21109745	SRR385938	2	0.011238488814859613	0.0023697183856872892	0.02157894736842105
NA12156:BB:chr14:21109745	SRR385939	2	0.036414946027569166	0.008297001232181911	0.038910505836575876
NA12156:BB:chr16:4849705	SRR385941	2	0.666791115891136	0.004123979790435047	0.7004261719729256
NA12156:BB:chr16:4849705	SRR385940	2	0.1301742117349372	0.003393903841118963	0.13300948415452232
NA12156:BB:chr16:4849705	SRR385938	2	0.011273163026530747	0.005867338620480035	0.00046783625730994154
NA12156:BB:chr16:4849705	SRR385939	2	0.03652223932117711	0.010619819154361162	0.03283582089552239
NA12156:BB:chr19:38160760	SRR385941	2	0.666816540218493	0.004812244877086559	0.6736990154711674
NA12156:BB:chr19:38160760	SRR385940	2	0.1302390134398545	0.006453376834414962	0.14457314457314457
NA12156:BB:chr19:38160760	SRR385938	2	0.011311354985935015	0.00931849284999914	0.01529961750956226
NA12156:BB:chr19:38160760	SRR385939	2	0.03641853164939007	0.004699649528723002	0.03267175572519084
NA12156:BB:chr19:39908574	SRR385941	2	0.6667663562629471	0.004839828912101538	0.6333625474729769
NA12156:BB:chr19:39908574	SRR385940	2	0.1301810608142306	0.0033908994190339293	0.12470214455917394
NA12156:BB:chr19:39908574	SRR385938	2	0.01129031879525268	0.007805698527527049	0.014235764235764236
NA12156:BB:chr19:39908574	SRR385939	2	0.036463155399062405	0.006460930287055891	0.03510802469135803
NA12156:BB:chr19:43763059	SRR385941	2	0.6667763425701912	0.005700297012525132	0.25461990760184794
NA12156:BB:chr19:43763059	SRR385940	2	0.13020903774384585	0.007668492917184153	0.06216517857142857
NA12156:BB:chr19:43763059	SRR385938	2	0.011257473551312699	0.0034365803647930116	0.004040792765056763
NA12156:BB:chr19:43763059	SRR385939	2	0.03640226013408664	0.005931286626351445	0.016287750254496098
NA12156:BB:chr19:9968139	SRR385941	2	0.6667762974523307	0.004864598497770205	0.6490280777537797
NA12156:BB:chr19:9968139	SRR385940	2	0.13021466456796185	0.006341842326298761	0.11743119266055047
NA12156:BB:chr19:9968139	SRR385938	2	0.011287338951216998	0.006813263866226671	0.009865824782951855
NA12156:BB:chr19:9968139	SRR385939	2	0.03639401111602949	0.004402468476342971	0.033311979500320305
NA12156:BB:chr1:145533175	SRR385941	2	0.6668098863437327	0.004387954602900571	0.6768558951965066
NA12156:BB:chr1:145533175	SRR385940	2	0.1302163724294789	0.004830168086788401	0.1502086230876217
NA12156:BB:chr1:145533175	SRR385938	2	0.011307136938015218	0.009204293419774927	0.009983361064891847
NA12156:BB:chr1:145533175	SRR385939	2	0.036500105807043645	0.010104084983390084	0.028965517241379312
NA12156:BB:chr1:17396592	SRR385941	2	0.6667794115706013	0.0052784073055731845	0.6655387818844352
NA12156:BB:chr1:17396592	SRR385940	2	0.130214948785694	0.0067781930734932844	0.14234784823020116
NA12156:BB:chr1:17396592	SRR385938	2	0.011229569603696012	0.002232037668992052	0.009519867549668874
NA12156:BB:chr1:17396592	SRR385939	2	0.03637440916681676	0.004149926973817909	0.025374105400130124
NA12156:BB:chr1:46500613	SRR385941	2	0.6667360446613184	0.0077694995437402265	0.6738925541941565
NA12156:BB:chr1:46500613	SRR385940	2	0.1301847006562165	0.0036806556834059804	0.12305986696230599
NA12156:BB:chr1:46500613	SRR385938	2	0.01125336407138998	0.003718107529405457	0.010566037735849057
NA12156:BB:chr1:46500613	SRR385939	2	0.03648880404075847	0.010558627264344242	0.035849056603773584
NA12156:BB:chr1:70820008	SRR385941	2	0.6667450873114251	0.006223669911356037	0.6482624228645664
NA12156:BB:chr1:70820008	SRR385940	2	0.13016842533836	0.0034551072254782643	0.10040485829959514
NA12156:BB:chr1:70820008	SRR385938	2	0.011227920581674848	0.002295130061863128	0.006935525301823786
NA12156:BB:chr1:70820008	SRR385939	2	0.03641598216439096	0.004708112505576697	0.034613921643210345
NA12156:BB:chr2:175263063	SRR385941	2	0.6667930709829473	0.0041416176884672175	0.663664839467502
NA12156:BB:chr2:175263063	SRR385940	2	0.1302387384825188	0.006909456050094192	0.15892740353172008
NA12156:BB:chr2:175263063	SRR385938	2	0.01122673414948074	0.0021021857581328147	0.0036591740721380033
NA12156:BB:chr2:175263063	SRR385939	2	0.03646904120074121	0.006345318013270716	0.042890442890442894
NA12156:BB:chr2:21263900	SRR385941	2	0.6667847482398609	0.004480522432519042	0.6468622354251764
NA12156:BB:chr2:21263900	SRR385940	2	0.13024144236381477	0.00773452823124303	0.12056010928961748
NA12156:BB:chr2:21263900	SRR385938	2	0.01130547583853316	0.008559961586719076	0.01795895096921323
NA12156:BB:chr2:21263900	SRR385939	2	0.03644986758075958	0.007204482123505826	0.039923954372623575
NA12156:BB:chr3:56763619	SRR385941	2	0.6668390574181157	0.004979547338035671	0.6682692307692307
NA12156:BB:chr3:56763619	SRR385940	2	0.13020361951687892	0.005834501673577456	0.10442525634106854
NA12156:BB:chr3:56763619	SRR385938	2	0.011234683183108987	0.002272833350999781	0.0029023746701846965
NA12156:BB:chr3:56763619	SRR385939	2	0.036434674072727005	0.007916443428429731	0.024703557312252964
NA12156:BB:chr3:8775589	SRR385941	2	0.666848518859951	0.004652701644589187	0.7188395415472779
NA12156:BB:chr3:8775589	SRR385940	2	0.13013936333304454	0.003861012343789012	0.12353127977135599
NA12156:BB:chr3:8775589	SRR385938	2	0.011310298497258514	0.0065831862633077805	0.013954786491766676
NA12156:BB:chr3:8775589	SRR385939	2	0.03631543986696341	0.0035495913105202206	0.024593763724198508
NA12156:BB:chr4:88732918	SRR385941	2	0.6668355771418943	0.005221269741390486	0.7064248386105134
NA12156:BB:chr4:88732918	SRR385940	2	0.13018824447910146	0.006876467796749409	0.13004484304932734
NA12156:BB:chr4:88732918	SRR385938	2	0.011341157096607034	0.009494530909748475	0.007606628633523499
NA12156:BB:chr4:88732918	SRR385939	2	0.03638853911340518	0.009603584784851463	0.021917808219178082
NA12156:BB:chr5:132198199	SRR385941	2	0.66683628464784	0.0045448602512896345	0.665699361578642
NA12156:BB:chr5:132198199	SRR385940	2	0.13022791265312575	0.007874510062054037	0.10907465355386678
NA12156:BB:chr5:132198199	SRR385938	2	0.011317568853496543	0.00865475631501224	0.014545454545454545
NA12156:BB:chr5:132198199	SRR385939	2	0.0363930603069662	0.005814081514317608	0.037247474747474744
NA12156:BB:chr5:137625228	SRR385941	2	0.6667616106651553	0.007619174492926644	0.6450471698113207
NA12156:BB:chr5:137625228	SRR385940	2	0.1302036037625657	0.0066651911668054245	0.131131773004168
NA12156:BB:chr5:137625228	SRR385938	2	0.011250195183981125	0.0026461731410495513	0.010644589000591367
NA12156:BB:chr5:137625228	SRR385939	2	0.036374665305756754	0.005574140484463755	0.020676691729323307
NA12156:BB:chr6:39563863	SRR385941	2	0.6668135079531148	0.004663048744267699	0.6415399547072145
NA12156:BB:chr6:39563863	SRR385940	2	0.13019787608896058	0.00398314551748102	0.14229801509644954
NA12156:BB:chr6:39563863	SRR385938	2	0.011259593375434024	0.004877419566509829	0.0031917505524183647
NA12156:BB:chr6:39563863	SRR385939	2	0.036430573276784665	0.0048443437138245395	0.024306874287884542
NA12156:BB:chr7:50514577	SRR385941	2	0.6668387584979875	0.004410972237329972	0.6461663505824979
NA12156:BB:chr7:50514577	SRR385940	2	0.13014549426709454	0.0035855434822146533	0.11491883535171347
NA12156:BB:chr7:50514577	SRR385938	2	0.011283425234580995	0.00502171362381115	0.009240246406570842
NA12156:BB:chr7:50514577	SRR385939	2	0.036344375761972955	0.003808892529816899	0.026168224299065422
NA12156:BB:chr7:796430	SRR385941	2	0.6667529893595364	0.005895557182435435	0.6846188954815153
NA12156:BB:chr7:796430	SRR385940	2	0.13018489804623012	0.0034657512167756057	0.10577705451586655
NA12156:BB:chr7:796430	SRR385938	2	0.011230885852619912	0.002369007995104559	0.006300315015750788
NA12156:BB:chr7:796430	SRR385939	2	0.03647420002655944	0.007886596104970198	0.03721424774056353
NA12156:BB:chr8:144620584	SRR385941	2	0.666785916093161	0.004437499254256935	0.6746370623398804
NA12156:BB:chr8:144620584	SRR385940	2	0.1301759348508134	0.003484326995612879	0.13446749009554881
NA12156:BB:chr8:144620584	SRR385938	2	0.011312378261193844	0.009352912530758985	0.008830950378469302
NA12156:BB:chr8:144620584	SRR385939	2	0.03644405691050623	0.006753759059930599	0.028381219341275403
NA12156:BB:chr9:100070351	SRR385941	2	0.6667844967304282	0.005846717592414425	0.6602484472049689
NA12156:BB:chr9:100070351	SRR385940	2	0.13022913465228947	0.008924620835089075	0.1358388602309015
NA12156:BB:chr9:100070351	SRR385938	2	0.011271546447003166	0.004021176892126911	0.009424603174603174
NA12156:BB:chr9:100070351	SRR385939	2	0.03640333110291247	0.00797787685342213	0.020559930008748905
NA12878:AB:chr19:11227602	SRR385941	0	0.03023626746701119	0.0037748015381920694	0.004850746268656716
NA12878:AB:chr19:11227602	SRR385940	0	0.8208587298722255	0.008597043024886763	0.38817733990147785
NA12878:AB:chr19:11227602	SRR385938	0	0.08363435030495481	0.005155502771873795	0.037363304981773995
NA12878:AB:chr19:11227602	SRR385939	0	0.247287211243732	0.00695788377657178	0.12776176753121998
NA12878:AB:chr7:55268949	SRR385941	0	0.030302285464826065	0.00333203291098936	0.019801980198019802
NA12878:AB:chr7:55268949	SRR385940	0	0.8209018025642861	0.007162809040477278	0.41208133971291866
NA12878:AB:chr7:55268949	SRR385938	0	0.08364629507679655	0.004347930015528599	0.038995215311004784
NA12878:AB:chr7:55268949	SRR385939	0	0.2473368710439548	0.008895048103323585	0.15524534686971236
NA12878:BB:chr10:17875816	SRR385941	5	0.5318740644571991	0.15794071782624558	0.32144241954245834
NA12878:BB:chr10:17875816	SRR385940	5	0.9048862560982011	0.013992033094746056	0.9048832271762208
NA12878:BB:chr10:17875816	SRR385938	5	0.09956546893572088	0.034543082158980096	0.057160048134777375
NA12878:BB:chr10:17875816	SRR385939	5	0.48126232658309526	0.14277531570788576	0.29164161154539986
NA12878:BB:chr11:6898495	SRR385941	0	0.03080934266550383	0.007988648777534132	0.027268760907504363
NA12878:BB:chr11:6898495	SRR385940	0	0.8209216834625557	0.005334394445452481	0.7970775879810661
NA12878:BB:chr11:6898495	SRR385938	0	0.08395308710391113	0.007312589796983781	0.05391621129326048
NA12878:BB:chr11:6898495	SRR385939	0	0.2530782274504175	0.039153322878972406	0.2388101983002833
NA12878:BB:chr12:53708910	SRR385941	0	0.030875829753646666	0.009367860423735086	0.03710575139146568
NA12878:BB:chr12:53708910	SRR385940	0	0.8210116145854514	0.004201349869097645	0.844758064516129
NA12878:BB:chr12:53708910	SRR385938	0	0.08399984921493947	0.009797309521276526	0.08743169398907104
NA12878:BB:chr12:53708910	SRR385939	0	0.25341797808264976	0.04019181846141781	0.22950819672131148
NA12878:BB:chr14:102901201	SRR385941	0	0.030295801733342734	0.004017654430191038	0.01580867450344548
NA12878:BB:chr14:102901201	SRR385940	0	0.8209712192032464	0.007275984222683143	0.8294676806083651
NA12878:BB:chr14:102901201	SRR385938	0	0.08365704006623415	0.008201545698303038	0.07452268528022993
NA12878:BB:chr14:102901201	SRR385939	0	0.2488682078223927	0.02077812825165744	0.2904761904761905
NA12878:BB:chr17:29623288	SRR385941	0	0.03074331675460163	0.0024548765774026976	0.03614457831325301
NA12878:BB:chr17:29623288	SRR385940	0	0.820922779894097	0.007513901216110403	0.826340751550529
NA12878:BB:chr17:29623288	SRR385938	0	0.0839882578968335	0.009408984003359886	0.0784313725490196
NA12878:BB:chr17:29623288	SRR385939	0	0.25312776684784316	0.03928735085534519	0.24035874439461882
NA12878:BB:chr17:35346641	SRR385941	0	0.030789410214321775	0.003594207665628378	0.030380333951762522
NA12878:BB:chr17:35346641	SRR385940	0	0.8209344064623793	0.006273896208289827	0.8270759717314488
NA12878:BB:chr17:35346641	SRR385938	0	0.08399214418959002	0.008882872568611961	0.09859154929577464
NA12878:BB:chr17:35346641	SRR385939	0	0.2533374474106506	0.03988075359562138	0.2211126961483595
NA12878:BB:chr17:72937795	SRR385941	0	0.03076088515337958	0.008335538972086602	0.02239911144020733
NA12878:BB:chr17:72937795	SRR385940	0	0.8209817261531718	0.0074545160399498754	0.852394273490209
NA12878:BB:chr17:72937795	SRR385938	0	0.08388858135293074	0.004390691842350194	0.05602152239278367
NA12878:BB:chr17:72937795	SRR385939	0	0.2523900223064783	0.03697841159809853	0.2403968455863648
NA12878:BB:chr18:44561619	SRR385941	0	0.03033725713204833	0.007428033598681365	0.009831160504381278
NA12878:BB:chr18:44561619	SRR385940	0	0.820923368569399	0.006986609515654523	0.8183524504692388
NA12878:BB:chr18:44561619	SRR385938	0	0.08368978098058914	0.008909951455866627	0.08287950987066031
NA12878:BB:chr18:44561619	SRR385939	0	0.24844542281007753	0.017698635835249776	0.2842505854800937
NA12878:BB:chr19:21131571	SRR385941	0	0.030770720184909287	0.0032202012224667206	0.037047511312217195
NA12878:BB:chr19:21131571	SRR385940	0	0.820978438353948	0.004352755727362193	0.8147351438558752
NA12878:BB:chr19:21131571	SRR385938	0	0.08394487181814526	0.006134039391020566	0.06950948977076658
NA12878:BB:chr19:21131571	SRR385939	0	0.25313191066423124	0.039293890398503416	0.24037735849056605
NA12878:BB:chr19:35836530	SRR385941	0	0.03068290652369082	0.0078715395235555	0.02056555269922879
NA12878:BB:chr19:35836530	SRR385940	0	0.8209602217541387	0.004659214867821405	0.8155223880597015
NA12878:BB:chr19:35836530	SRR385938	0	0.08382703601818264	0.0039639316664265845	0.10117411941044217
NA12878:BB:chr19:35836530	SRR385939	0	0.2514660543572651	0.033440396538179186	0.26469540434627714
NA12878:BB:chr19:54849463	SRR385941	0	0.030772177084983348	0.007610551956487305	0.024586051179126944
NA12878:BB:chr19:54849463	SRR385940	0	0.8209223527811724	0.007519025107320893	0.8364677023712184
NA12878:BB:chr19:54849463	SRR385938	0	0.08387696712915386	0.003992749669746995	0.08686244204018548
NA12878:BB:chr19:54849463	SRR385939	0	0.2524659605803042	0.037108305823107236	0.24153498871331827
NA12878:BB:chr1:200376695	SRR385941	0	0.030819455038178317	0.009779514221871642	0.028337874659400544
NA12878:BB:chr1:200376695	SRR385940	0	0.8209472836114513	0.004235321252196513	0.7936313533374157
NA12878:BB:chr1:200376695	SRR385938	0	0.08389872974209925	0.004054670290436706	0.07766599597585513
NA12878:BB:chr1:200376695	SRR385939	0	0.25275644874717274	0.038178582384435694	0.22530329289428075
NA12878:BB:chr1:248224746	SRR385941	0	0.030757920535403115	0.005192551202175503	0.02089106800255809
NA12878:BB:chr1:248224746	SRR385940	0	0.8209240947683828	0.006096804456332516	0.8133051742344245
NA12878:BB:chr1:248224746	SRR385938	0	0.0839575557691207	0.008612395200853211	0.09118657001144602
NA12878:BB:chr1:248224746	SRR385939	0	0.252548335554495	0.03750829084442684	0.24142940151074957
NA12878:BB:chr20:62196182	SRR385941	0	0.030788732507815213	0.003270830879205359	0.036412512218963834
NA12878:BB:chr20:62196182	SRR385940	0	0.8209773754055301	0.004204063787365008	0.8067364962004518
NA12878:BB:chr20:62196182	SRR385938	0	0.08391301882016455	0.0038887462998001827	0.09815822519882796
NA12878:BB:chr20:62196182	SRR385939	0	0.25344921248802327	0.04015686140041437	0.2192046556741028
NA12878:BB:chr2:120005569	SRR385941	0	0.030371410199787233	0.003186037612423002	0.018456375838926176
NA12878:BB:chr2:120005569	SRR385940	0	0.8209797061221059	0.008299218566831724	0.836
NA12878:BB:chr2:120005569	SRR385938	0	0.08370403156751469	0.006777499103879137	0.07044299201161947
NA12878:BB:chr2:120005569	SRR385939	0	0.24949675869007243	0.02414914806625847	0.2836484983314794
NA12878:BB:chr2:26455127	SRR385941	0	0.030750328679899054	0.0054655715065417216	0.01695906432748538
NA12878:BB:chr2:26455127	SRR385940	0	0.8209387227641842	0.0042866089706596715	0.8077796706416809
NA12878:BB:chr2:26455127	SRR385938	0	0.08388957511797578	0.0043543566715098575	0.06795438678147545
NA12878:BB:chr2:26455127	SRR385939	0	0.2524526754857203	0.03705209966582372	0.22454090150250416
NA12878:BB:chr2:26502875	SRR385941	0	0.030713721492379754	0.007578229167648208	0.021726535341830822
NA12878:BB:chr2:26502875	SRR385940	0	0.8210197085944699	0.005714605637811729	0.8531558608844998
NA12878:BB:chr2:26502875	SRR385938	0	0.08386400387071205	0.004050182332739447	0.08097768331562168
NA12878:BB:chr2:26502875	SRR385939	0	0.25184485790566485	0.03512286273730071	0.2444043321299639
NA12878:BB:chr3:129155670	SRR385941	0	0.030768526436448836	0.004945793630790472	0.011984490659146986
NA12878:BB:chr3:129155670	SRR385940	0	0.8209263108540881	0.0071644676425690655	0.8303619665045922
NA12878:BB:chr3:129155670	SRR385938	0	0.0839003242100972	0.003985141577989952	0.08533975387907972
NA12878:BB:chr3:129155670	SRR385939	0	0.25287813092215816	0.03848830996714417	0.2203255260023819
NA12878:BB:chr3:49156473	SRR385941	0	0.030705212518480875	0.009849637454102474	0.03390305407677221
NA12878:BB:chr3:49156473	SRR385940	0	0.820881407036329	0.004576576228299189	0.8049167327517843
NA12878:BB:chr3:49156473	SRR385938	0	0.08387842583675345	0.00940112265427594	0.07633405120842307
NA12878:BB:chr3:49156473	SRR385939	0	0.2511442011053927	0.032436384723465404	0.26622874806800617
NA12878:BB:chr3:49362369	SRR385941	0	0.03075192195676879	0.00892344653888608	0.019652305366591082
NA12878:BB:chr3:49362369	SRR385940	0	0.820987038876832	0.00441462607736441	0.8297541238717709
NA12878:BB:chr3:49362369	SRR385938	0	0.0839034135833762	0.0062034290204929675	0.0829452852153667
NA12878:BB:chr3:49362369	SRR385939	0	0.2521738919205823	0.0365971473797762	0.2453617810760668
NA12878:BB:chr3:49455330	SRR385941	0	0.030700377848722378	0.003891428478136431	0.015491621877963959
NA12878:BB:chr3:49455330	SRR385940	0	0.8209080054461919	0.006685009092499354	0.8202914193200216
NA12878:BB:chr3:49455330	SRR385938	0	0.08386275803026386	0.0038996948195295787	0.09098059779758784
NA12878:BB:chr3:49455330	SRR385939	0	0.25207411366141835	0.0359180481909146	0.24323279195668987
NA12878:BB:chr4:1729988	SRR385941	0	0.03040206931255547	0.009827992717172121	0.01978494623655914
NA12878:BB:chr4:1729988	SRR385940	0	0.8209279683815336	0.00743070348553969	0.810543004359889
NA12878:BB:chr4:1729988	SRR385938	0	0.0836508727178043	0.005127403486341313	0.07214428857715431
NA12878:BB:chr4:1729988	SRR385939	0	0.24902634618024957	0.021597969013336858	0.28587634713556437
NA12878:BB:chr4:95186055	SRR385941	0	0.030459029071025163	0.004472229387806416	0.022792022792022793
NA12878:BB:chr4:95186055	SRR385940	0	0.8210081251957676	0.004662202315893563	0.8165777595404186
NA12878:BB:chr4:95186055	SRR385938	0	0.08370651626237144	0.004253080554922962	0.06807727690892364
NA12878:BB:chr4:95186055	SRR385939	0	0.24974613900145415	0.02578066736536954	0.27017543859649124
NA12878:BB:chr5:102894673	SRR385941	0	0.030629847648076667	0.00617945324801741	0.01756440281030445
NA12878:BB:chr5:102894673	SRR385940	0	0.8208752400383051	0.00587026516715383	0.8027444253859348
NA12878:BB:chr5:102894673	SRR385938	0	0.08380901335918117	0.004745211761042189	0.07465042850699143
NA12878:BB:chr5:102894673	SRR385939	0	0.2508871038705848	0.031438241285577435	0.25158478605388274
NA12878:BB:chr5:31538692	SRR385941	0	0.030799330975778975	0.007827288261748831	0.012472487160674981
NA12878:BB:chr5:31538692	SRR385940	0	0.820912304108689	0.004711120321644529	0.7891777933942375
NA12878:BB:chr5:31538692	SRR385938	0	0.0839126516560926	0.004353186700233903	0.08681384248210024
NA12878:BB:chr5:31538692	SRR385939	0	0.25295419196002494	0.038680577063242634	0.19957424161788184
NA12878:BB:chr6:17675246	SRR385941	0	0.030848548414899812	0.008572236705737238	0.03954496208017335
NA12878:BB:chr6:17675246	SRR385940	0	0.8209755082642516	0.004205530052140958	0.8013207005455067
NA12878:BB:chr6:17675246	SRR385938	0	0.08391081627995309	0.0039020354080221997	0.10199501246882793
NA12878:BB:chr6:17675246	SRR385939	0	0.2534367034680936	0.04029038163243798	0.22658035034272658
NA12878:BB:chr6:76425288	SRR385941	0	0.03067061109111944	0.0081551069200752	0.015370972509606859
NA12878:BB:chr6:76425288	SRR385940	0	0.8209089598257994	0.007834990137122617	0.8203457069991499
NA12878:BB:chr6:76425288	SRR385938	0	0.08386028183218205	0.005344968515707536	0.05936192468619247
NA12878:BB:chr6:76425288	SRR385939	0	0.2514501659817791	0.03386471291692257	0.25167336010709507
NA12878:BB:chr9:2029199	SRR385941	0	0.03086405029740985	0.008793576352293723	0.04324923759356806
NA12878:BB:chr9:2029199	SRR385940	0	0.8209938287932323	0.004181778771051115	0.8493217054263565
NA12878:BB:chr9:2029199	SRR385938	0	0.08394031470960214	0.005260580014497282	0.07036955078557203
NA12878:BB:chr9:2029199	SRR385939	0	0.2534583766073521	0.04028363403472688	0.2368699330278463
NA12878:BB:chr9:86278913	SRR385941	0	0.030743153044850487	0.005508147298275606	0.033003300330033
NA12878:BB:chr9:86278913	SRR385940	0	0.82093805949549	0.004758309259097283	0.8211348684210527
NA12878:BB:chr9:86278913	SRR385938	0	0.083885487312123	0.004330743092004504	0.09325108853410741
NA12878:BB:chr9:86278913	SRR385939	0	0.2522799384746885	0.03652855159770465	0.2595978062157221
NA18507:AB:chr13:32912733	SRR385941	3	0.0869995147899204	0.0056086918365344995	0.0359257797078563
NA18507:AB:chr13:32912733	SRR385940	3	0.017645791256786406	0.0033660699689154736	0.01932191031717098
NA18507:AB:chr13:32912733	SRR385938	3	0.29027124240419694	0.006873253654556517	0.12979066022544283
NA18507:AB:chr13:32912733	SRR385939	3	0.7166537164698161	0.011952708518906086	0.36478332419089415
NA18507:AB:chr4:88732911	SRR385941	3	0.08702385405085764	0.009205758593947377	0.04372267332916927
NA18507:AB:chr4:88732911	SRR385940	3	0.01759108606883852	0.003195532513065331	0.007857358718646117
NA18507:AB:chr4:88732911	SRR385938	3	0.2895234181244451	0.010165340450567753	0.12367688022284122
NA18507:AB:chr4:88732911	SRR385939	3	0.7154314530289907	0.017197750656552362	0.3128
NA18507:AB:chr9:139393679	SRR385941	3	0.08698785318944408	0.004724819334451822	0.048835308541070696
NA18507:AB:chr9:139393679	SRR385940	3	0.017689345655287077	0.006664906951349084	0.007906976744186046
NA18507:AB:chr9:139393679	SRR385938	3	0.2902012416878938	0.0047118615009548006	0.14657398212512412
NA18507:AB:chr9:139393679	SRR385939	3	0.7166859453931561	0.011153422267187699	0.3764315852923448
NA18507:BB:chr10:100011442	SRR385941	3	0.09131680115538954	0.019589502075725858	0.10599613152804642
NA18507:BB:chr10:100011442	SRR385940	3	0.017827861968528834	0.008458619080791879	0.011918063314711359
NA18507:BB:chr10:100011442	SRR385938	3	0.3072217088346575	0.07078199213045089	0.3199279711884754
NA18507:BB:chr10:100011442	SRR385939	3	0.7191460493892093	0.00574012738136837	0.7341703056768559
NA18507:BB:chr10:123970173	SRR385941	3	0.0895815746268536	0.015203222072795229	0.07311475409836066
NA18507:BB:chr10:123970173	SRR385940	3	0.017567133513784628	0.0028460103351087805	0.014929742388758781
NA18507:BB:chr10:123970173	SRR385938	3	0.30085594144158406	0.05539436371172686	0.2786797977109396
NA18507:BB:chr10:123970173	SRR385939	3	0.7186001244378841	0.008538268949152253	0.716025137470542
NA18507:BB:chr10:91143374	SRR385941	3	0.08959564486988952	0.015159497884399397	0.091160809371672
NA18507:BB:chr10:91143374	SRR385940	3	0.017599070657071003	0.006907997749310105	0.0053475935828877
NA18507:BB:chr10:91143374	SRR385938	3	0.3008675241225785	0.05547110679278933	0.28609756097560973
NA18507:BB:chr10:91143374	SRR385939	3	0.7186520936278604	0.006836300424884501	0.7289755351681957
NA18507:BB:chr11:112104245	SRR385941	3	0.09029088673385115	0.016868260064459614	0.0815822002472188
NA18507:BB:chr11:112104245	SRR385940	3	0.017589583284916714	0.002732652056985472	0.009415674328440876
NA18507:BB:chr11:112104245	SRR385938	3	0.3038750948268126	0.06279336249044612	0.30444024563060934
NA18507:BB:chr11:112104245	SRR385939	3	0.7188813528463149	0.005813808335770201	0.7268875192604006
NA18507:BB:chr11:5221424	SRR385941	3	0.08749912213905375	0.008924930952842742	0.07882165605095541
NA18507:BB:chr11:5221424	SRR385940	3	0.01769126620488703	0.0089701447966743	0.015384615384615385
NA18507:BB:chr11:5221424	SRR385938	3	0.29220210562878185	0.02471773424375907	0.27512029436739316
NA18507:BB:chr11:5221424	SRR385939	3	0.7169356231826226	0.011128985359456611	0.670748940178992
NA18507:BB:chr11:62009791	SRR385941	3	0.08916991760143836	0.015802984359115445	0.05926188786373315
NA18507:BB:chr11:62009791	SRR385940	3	0.017560776658955602	0.0032602972831025294	0.012834224598930482
NA18507:BB:chr11:62009791	SRR385938	3	0.29899469736123685	0.05042805533312061	0.29490784129959385
NA18507:BB:chr11:62009791	SRR385939	3	0.718340295118619	0.008560512536882363	0.7120158887785502
NA18507:BB:chr11:71712531	SRR385941	3	0.09124275938677982	0.02000512364190952	0.07332971211298207
NA18507:BB:chr11:71712531	SRR385940	3	0.017825736669251926	0.0040978465429373735	0.021209930103639432
NA18507:BB:chr11:71712531	SRR385938	3	0.30750446214170235	0.07103177479713842	0.3041728447362847
NA18507:BB:chr11:71712531	SRR385939	3	0.7192398092996376	0.00561078584606269	0.742393509127789
NA18507:BB:chr11:71717300	SRR385941	3	0.08792457014536115	0.010714277593257658	0.09394624466214518
NA18507:BB:chr11:71717300	SRR385940	3	0.017569325560580766	0.0031418319246385765	0.0132291040288635
NA18507:BB:chr11:71717300	SRR385938	3	0.29377097986183814	0.0323742536715891	0.2810158201498751
NA18507:BB:chr11:71717300	SRR385939	3	0.717338438728871	0.009879041246311723	0.6869318181818181
NA18507:BB:chr14:21109726	SRR385941	3	0.09028700032992805	0.01879161663847138	0.08103294746215495
NA18507:BB:chr14:21109726	SRR385940	3	0.01770135493890666	0.008923544987850073	0.01730197350635307
NA18507:BB:chr14:21109726	SRR385938	3	0.30355297767595957	0.062105130509887196	0.30116033755274263
NA18507:BB:chr14:21109726	SRR385939	3	0.7188700734728962	0.005685781147459476	0.7170105099260412
NA18507:BB:chr14:50074241	SRR385941	3	0.09033244068312762	0.018973126170242324	0.09995318352059925
NA18507:BB:chr14:50074241	SRR385940	3	0.017725580750781938	0.01016099962654444	0.013351393188854489
NA18507:BB:chr14:50074241	SRR385938	3	0.3034502036517739	0.062277719354831555	0.31238597202513685
NA18507:BB:chr14:50074241	SRR385939	3	0.7188079771723087	0.006814356749861045	0.7152046783625731
NA18507:BB:chr17:1703982	SRR385941	3	0.09083087870733457	0.01822489876513903	0.08635496183206107
NA18507:BB:chr17:1703982	SRR385940	3	0.01773073117681538	0.004711618413640062	0.013596491228070176
NA18507:BB:chr17:1703982	SRR385938	3	0.3057824735870475	0.0672880280420318	0.2927279438907346
NA18507:BB:chr17:1703982	SRR385939	3	0.7190800956230011	0.0076666773850659195	0.7586412395709178
NA18507:BB:chr18:8784723	SRR385941	3	0.09033226953182351	0.01691582128377176	0.0919229469415343
NA18507:BB:chr18:8784723	SRR385940	3	0.01769878022530378	0.0043225460157382545	0.016899920781621336
NA18507:BB:chr18:8784723	SRR385938	3	0.3036563823110794	0.06271401455210475	0.27230887241114804
NA18507:BB:chr18:8784723	SRR385939	3	0.7189542331630547	0.006687209380532765	0.7506471095772217
NA18507:BB:chr19:55107775	SRR385941	7	0.08439903059094984	0.029226063112359132	0.04833296039382412
NA18507:BB:chr19:55107775	SRR385940	7	0.013704569454515826	0.010969780942218652	0.006950880444856348
NA18507:BB:chr19:55107775	SRR385938	7	0.31604778880932055	0.09591076317169295	0.19308462238398544
NA18507:BB:chr19:55107775	SRR385939	7	0.5698400536262126	0.06706208552795674	0.5566360052562418
NA18507:BB:chr1:42865292	SRR385941	3	0.09074939610519578	0.018030550729440507	0.09350163627863488
NA18507:BB:chr1:42865292	SRR385940	3	0.017789409384913205	0.006712690109922437	0.016907216494845362
NA18507:BB:chr1:42865292	SRR385938	3	0.30530885032902955	0.06654780907800054	0.31892078865444484
NA18507:BB:chr1:42865292	SRR385939	3	0.7189390011931317	0.008189510516689907	0.7157953281423804
NA18507:BB:chr22:24622124	SRR385941	3	0.08988412471062868	0.015663090813028115	0.08743813339618195
NA18507:BB:chr22:24622124	SRR385940	3	0.017594759730494142	0.003064366210331696	0.012977983777520278
NA18507:BB:chr22:24622124	SRR385938	3	0.3020647780034657	0.05856237127097847	0.2809917355371901
NA18507:BB:chr22:24622124	SRR385939	3	0.7187531411392585	0.007488722100376925	0.7310423175234309
NA18507:BB:chr22:32587251	SRR385941	3	0.0887058253531953	0.015126495015286978	0.08275220827522083
NA18507:BB:chr22:32587251	SRR385940	3	0.01754699043614413	0.0037373913953690145	0.01329683222526398
NA18507:BB:chr22:32587251	SRR385938	3	0.296877211949224	0.04385275801916131	0.26426921807984166
NA18507:BB:chr22:32587251	SRR385939	3	0.7179427724399895	0.010205466931292144	0.701098901098901
NA18507:BB:chr2:113737630	SRR385941	3	0.08709652151235686	0.009193048199497907	0.05116279069767442
NA18507:BB:chr2:113737630	SRR385940	3	0.017660483110523435	0.004171946319694607	0.015178894109143477
NA18507:BB:chr2:113737630	SRR385938	3	0.29041167575918864	0.008565271506453172	0.28054550514890064
NA18507:BB:chr2:113737630	SRR385939	3	0.7167261212800641	0.010785998222490531	0.6749864351600651
NA18507:BB:chr2:26699033	SRR385941	3	0.0901890233207713	0.018054434630290613	0.07947214076246334
NA18507:BB:chr2:26699033	SRR385940	3	0.017582979177507913	0.0027543066280499924	0.009358656757500689
NA18507:BB:chr2:26699033	SRR385938	3	0.3032739850951033	0.061347517449962086	0.30760798070598555
NA18507:BB:chr2:26699033	SRR385939	3	0.718849474211812	0.005847462057684351	0.7213051823416506
NA18507:BB:chr2:33487845	SRR385941	3	0.08846397393915352	0.012563736516624029	0.05668398677373642
NA18507:BB:chr2:33487845	SRR385940	3	0.017570607391842755	0.008673057796272192	0.006922893291955121
NA18507:BB:chr2:33487845	SRR385938	3	0.29603515668706226	0.04099187478251197	0.2584897229669348
NA18507:BB:chr2:33487845	SRR385939	3	0.7179407324857036	0.009435044817452044	0.7115942028985507
NA18507:BB:chr3:171969228	SRR385941	3	0.09246789091647474	0.022231939130405054	0.11739915713425647
NA18507:BB:chr3:171969228	SRR385940	3	0.01797313248099345	0.008768362898087656	0.011363636363636364
NA18507:BB:chr3:171969228	SRR385938	3	0.3112165554238348	0.07879007668203362	0.3277449046679816
NA18507:BB:chr3:171969228	SRR385939	3	0.7194825537662513	0.006405917886133583	0.7506322711178554
NA18507:BB:chr3:45754685	SRR385941	3	0.09007460357617503	0.016063557889163745	0.06333870101986044
NA18507:BB:chr3:45754685	SRR385940	3	0.017656911821021738	0.00477490265579829	0.015025906735751295
NA18507:BB:chr3:45754685	SRR385938	3	0.30307309024202284	0.06102918700905417	0.30170410534469405
NA18507:BB:chr3:45754685	SRR385939	3	0.718895287494859	0.005948474214433229	0.73409578270193
NA18507:BB:chr4:3009479	SRR385941	3	0.09088529136586533	0.019837323915215074	0.07515657620041753
NA18507:BB:chr4:3009479	SRR385940	3	0.01775695440186827	0.009384827089697963	0.011483253588516746
NA18507:BB:chr4:3009479	SRR385938	3	0.30589301335049757	0.06759709776923571	0.3198040587823653
NA18507:BB:chr4:3009479	SRR385939	3	0.719028535010706	0.007899818179693357	0.7401129943502824
NA18507:BB:chr4:72622566	SRR385941	3	0.09044384231398302	0.01904734758426784	0.08616780045351474
NA18507:BB:chr4:72622566	SRR385940	3	0.017616817886835456	0.003667342518868593	0.008468595624558928
NA18507:BB:chr4:72622566	SRR385938	3	0.3040922855089014	0.0636582429801617	0.32899746192893403
NA18507:BB:chr4:72622566	SRR385939	3	0.7189024185555112	0.00574844467273214	0.7135306553911205
NA18507:BB:chr5:108233462	SRR385941	3	0.09042498880579913	0.017272797008028983	0.06711787930062042
NA18507:BB:chr5:108233462	SRR385940	3	0.017659956135179605	0.003367224602921118	0.01602645637242432
NA18507:BB:chr5:108233462	SRR385938	3	0.30430842376237627	0.06401816944781645	0.2918016446548717
NA18507:BB:chr5:108233462	SRR385939	3	0.7190131132869212	0.005690359238538494	0.7406492589978828
NA18507:BB:chr5:140603248	SRR385941	3	0.08923935791641809	0.014336559382153304	0.08843360995850623
NA18507:BB:chr5:140603248	SRR385940	3	0.017592828991979982	0.0076886729261625465	0.01067853170189099
NA18507:BB:chr5:140603248	SRR385938	3	0.2993255144830936	0.05145870331454909	0.27112103980503655
NA18507:BB:chr5:140603248	SRR385939	3	0.7184469364898004	0.009258706871338448	0.7174917491749175
NA18507:BB:chr5:140605092	SRR385941	8	0.008158361063937284	0.010928025710646659	0.0
NA18507:BB:chr5:140605092	SRR385940	8	0.007808923109956018	0.011174365993143906	0.0
NA18507:BB:chr5:140605092	SRR385938	8	0.03648613278987418	0.021234450481313352	0.018292682926829267
NA18507:BB:chr5:140605092	SRR385939	8	0.16955512024709746	0.06610456942886805	0.0962566844919786
NA18507:BB:chr5:180166362	SRR385941	3	0.08914444436132646	0.01419453904255783	0.09580193756727665
NA18507:BB:chr5:180166362	SRR385940	3	0.017567547001958412	0.004802815568949076	0.015970860184925748
NA18507:BB:chr5:180166362	SRR385938	3	0.2987422273263401	0.049615928650192646	0.2521308770965081
NA18507:BB:chr5:180166362	SRR385939	3	0.7184574616609344	0.006391153546688049	0.7182978723404255
NA18507:BB:chr5:180166866	SRR385941	3	0.08873530051242685	0.013923975757665463	0.07795004306632214
NA18507:BB:chr5:180166866	SRR385940	3	0.017549196890194112	0.003130049618642469	0.013380281690140845
NA18507:BB:chr5:180166866	SRR385938	3	0.29726373448053406	0.045515743964624544	0.27523413111342354
NA18507:BB:chr5:180166866	SRR385939	3	0.7179657200667174	0.008173083367285613	0.6969376979936642
NA18507:BB:chr5:180166877	SRR385941	3	0.08857310605114746	0.012643758751819785	0.0724826388888889
NA18507:BB:chr5:180166877	SRR385940	3	0.01756739706115784	0.003487494544331333	0.011735419630156473
NA18507:BB:chr5:180166877	SRR385938	3	0.29681286611017416	0.04382626510024183	0.28027318098240084
NA18507:BB:chr5:180166877	SRR385939	3	0.7178591381773153	0.00835625919991824	0.6939361320416219
NA18507:BB:chr6:26385263	SRR385941	3	0.09003768448691551	0.01697237844587511	0.08900523560209424
NA18507:BB:chr6:26385263	SRR385940	3	0.017620340495687347	0.006331590724535718	0.008067473414008068
NA18507:BB:chr6:26385263	SRR385938	3	0.30255559853203856	0.059776136067274555	0.30805837563451777
NA18507:BB:chr6:26385263	SRR385939	3	0.7187308558703891	0.00777947962483222	0.7144181733889662
NA18507:BB:chr6:43582091	SRR385941	3	0.09157887631947255	0.019476569178024157	0.07006827164929932
NA18507:BB:chr6:43582091	SRR385940	3	0.01783332572401408	0.003933891014898955	0.014437482974666304
NA18507:BB:chr6:43582091	SRR385938	3	0.309033155468151	0.07439492141872694	0.3156093708870755
NA18507:BB:chr6:43582091	SRR385939	3	0.7193844134245317	0.006163952754133069	0.756857855361596
NA18507:BB:chr7:76922490	SRR385941	3	0.08822057535564846	0.01275141806547702	0.06881873004611565
NA18507:BB:chr7:76922490	SRR385940	3	0.01759352547082747	0.006090192914133335	0.008634473936680525
NA18507:BB:chr7:76922490	SRR385938	3	0.29509456003885176	0.03769225254941069	0.27057767135588146
NA18507:BB:chr7:76922490	SRR385939	3	0.7176040566437583	0.00924695364383988	0.6891418563922942
NA18507:BB:chr9:19058425	SRR385941	4	0.29676677424475667	0.09844480573593409	0.18377911993097498
NA18507:BB:chr9:19058425	SRR385940	4	0.07818171695009293	0.0326387992681045	0.04874213836477988
NA18507:BB:chr9:19058425	SRR385938	4	0.6320198120025358	0.02253545923998907	0.6346933261280735
NA18507:BB:chr9:19058425	SRR385939	4	0.7296681960503325	0.020334109728064518	0.7298319327731092
NA19240:AB:chr11:18291395	SRR385941	1	0.21837820213955125	0.007559288256224467	0.11289923248328794
NA19240:AB:chr11:18291395	SRR385940	1	0.0484545356990225	0.008050769030049481	0.02092904543134252
NA19240:AB:chr11:18291395	SRR385938	1	0.624033091612441	0.0075527375772212295	0.3159025787965616
NA19240:AB:chr11:18291395	SRR385939	1	0.010266248914575282	0.005163931701915367	0.00554016620498615
NA19240:AB:chr3:178927410	SRR385941	1	0.21834202592781843	0.005132666057311034	0.09182590233545647
NA19240:AB:chr3:178927410	SRR385940	1	0.048464916774589445	0.008910981980491079	0.02382064455861747
NA19240:AB:chr3:178927410	SRR385938	1	0.6240716243422446	0.007062841945015456	0.3313853557923685
NA19240:AB:chr3:178927410	SRR385939	1	0.010219286888374358	0.0013886618136478175	0.008985879332477536
NA19240:AB:chr5:112178995	SRR385941	1	0.21832090260802164	0.004523771552362554	0.09739077669902912
NA19240:AB:chr5:112178995	SRR385940	1	0.048386234946039636	0.004749493728893752	0.03309572301425662
NA19240:AB:chr5:112178995	SRR385938	1	0.6240960725950672	0.007793493396733266	0.32957820277705
NA19240:AB:chr5:112178995	SRR385939	1	0.010224942692271925	0.0016035725898258357	0.002162162162162162
NA19240:BB:chr11:26700310	SRR385941	1	0.2184699690111898	0.0074470386248141835	0.2045585136946945
NA19240:BB:chr11:26700310	SRR385940	1	0.048406635633474214	0.004987986247101727	0.054364871928907474
NA19240:BB:chr11:26700310	SRR385938	1	0.6241281258652384	0.006971730841757116	0.6105246321177223
NA19240:BB:chr11:26700310	SRR385939	1	0.0103067882813123	0.004384657470352213	0.005097706032285472
NA19240:BB:chr11:59860922	SRR385941	1	0.21851513494738775	0.008884610648388181	0.20214669051878353
NA19240:BB:chr11:59860922	SRR385940	1	0.04849024060856896	0.009627612456260412	0.047840349917987975
NA19240:BB:chr11:59860922	SRR385938	1	0.6241891942746027	0.005104635512311667	0.6531519748888308
NA19240:BB:chr11:59860922	SRR385939	1	0.010325083314819596	0.005191149512789205	0.012626262626262626
NA19240:BB:chr12:12332842	SRR385941	1	0.21838782080916067	0.00663815721274588	0.22875594833446636
NA19240:BB:chr12:12332842	SRR385940	1	0.0483900754927627	0.004933220294425781	0.043823609969871266
NA19240:BB:chr12:12332842	SRR385938	1	0.6241759399446909	0.007926296317989582	0.598196881091618
NA19240:BB:chr12:12332842	SRR385939	1	0.01032519130849864	0.008576196500321497	0.0022429906542056075
NA19240:BB:chr12:46321702	SRR385941	1	0.21838709301783638	0.00659107813859673	0.23493975903614459
NA19240:BB:chr12:46321702	SRR385940	1	0.04846649362099282	0.010105166520317085	0.04105392156862745
NA19240:BB:chr12:46321702	SRR385938	1	0.6241484619195574	0.009139450818893913	0.5919689119170984
NA19240:BB:chr12:46321702	SRR385939	1	0.010247060735559097	0.0021334682789782523	0.005407841369986481
NA19240:BB:chr15:50399138	SRR385941	1	0.21844631907693515	0.00694476186117347	0.220873786407767
NA19240:BB:chr15:50399138	SRR385940	1	0.04839677387914606	0.004936698219604728	0.031914893617021274
NA19240:BB:chr15:50399138	SRR385938	1	0.6242026298022836	0.006170333926922903	0.5911016949152542
NA19240:BB:chr15:50399138	SRR385939	1	0.010342336743037627	0.007603380213972901	0.0
NA19240:BB:chr17:4918122	SRR385941	1	0.2184618837930002	0.007147351387327002	0.21515735388567758
NA19240:BB:chr17:4918122	SRR385940	1	0.0484479874006383	0.0069195455532285646	0.05251580973329667
NA19240:BB:chr17:4918122	SRR385938	1	0.6241694377503276	0.005301770291923651	0.6299638989169675
NA19240:BB:chr17:4918122	SRR385939	1	0.010323929496263186	0.005138706695278491	0.008921330089213302
NA19240:BB:chr17:5264916	SRR385941	1	0.21844380070945116	0.007210889916046524	0.19936637248246208
NA19240:BB:chr17:5264916	SRR385940	1	0.04841599263852067	0.005617232638683104	0.02901124925991711
NA19240:BB:chr17:5264916	SRR385938	1	0.6242371953929965	0.0071926644466369745	0.629038854805726
NA19240:BB:chr17:5264916	SRR385939	1	0.0103345073551187	0.006944817356223762	0.003372164316370325
NA19240:BB:chr18:50278635	SRR385941	1	0.2184341645472036	0.006648927156275111	0.19132589838909542
NA19240:BB:chr18:50278635	SRR385940	1	0.04846927142682258	0.009121619609369353	0.03552746294681779
NA19240:BB:chr18:50278635	SRR385938	1	0.6242074379922368	0.006141248312743779	0.6345199568500539
NA19240:BB:chr18:50278635	SRR385939	1	0.010365104111301248	0.009762695941636833	0.0033467202141900937
NA19240:BB:chr19:10127866	SRR385941	1	0.2184262510719413	0.0067179932438149546	0.24274130264190427
NA19240:BB:chr19:10127866	SRR385940	1	0.048432624082701776	0.006369689904443186	0.03972407231208373
NA19240:BB:chr19:10127866	SRR385938	1	0.6242279755266581	0.00780128412311163	0.6293402777777778
NA19240:BB:chr19:10127866	SRR385939	1	0.010282941240383004	0.002894920833053248	0.010270455323519343
NA19240:BB:chr1:152283811	SRR385941	1	0.2184735362027204	0.008097875828914717	0.23220829315332692
NA19240:BB:chr1:152283811	SRR385940	1	0.048417456779734455	0.005260676538486318	0.04951830443159923
NA19240:BB:chr1:152283811	SRR385938	1	0.6241736239068952	0.007898202679820322	0.6069458631256384
NA19240:BB:chr1:152283811	SRR385939	1	0.010282422898433308	0.0029418216379654472	0.013173652694610778
NA19240:BB:chr1:152285137	SRR385941	1	0.2184850234197284	0.008254632493521938	0.18864292589027912
NA19240:BB:chr1:152285137	SRR385940	1	0.04847816791714479	0.009582838637722801	0.03310430980637102
NA19240:BB:chr1:152285137	SRR385938	1	0.624118124333876	0.006699588941522233	0.598499732095017
NA19240:BB:chr1:152285137	SRR385939	1	0.01032602157580993	0.00604598703124579	0.011670480549199084
NA19240:BB:chr1:152285188	SRR385941	1	0.2184241811616014	0.007155552183004284	0.19653735171529335
NA19240:BB:chr1:152285188	SRR385940	1	0.04842173787621563	0.005278984112055044	0.037271004421983576
NA19240:BB:chr1:152285188	SRR385938	1	0.624140874555587	0.006170463900908733	0.5998570918185067
NA19240:BB:chr1:152285188	SRR385939	1	0.010290174583701467	0.003273778868825658	0.016310590397427063
NA19240:BB:chr2:165754983	SRR385941	1	0.21848748359656991	0.008396774361585311	0.23913811374072766
NA19240:BB:chr2:165754983	SRR385940	1	0.04846366127057883	0.008369841697893017	0.053663570691434466
NA19240:BB:chr2:165754983	SRR385938	1	0.6241278871562747	0.006153760720480879	0.6327102803738318
NA19240:BB:chr2:165754983	SRR385939	1	0.010310420845127522	0.0047114283735438705	0.004383561643835616
NA19240:BB:chr2:202264165	SRR385941	1	0.21847311433157934	0.007928071296966552	0.22380387504942664
NA19240:BB:chr2:202264165	SRR385940	1	0.04844820381104269	0.007441294465194839	0.03506493506493506
NA19240:BB:chr2:202264165	SRR385938	1	0.6242389296451816	0.007339938449429791	0.6310652537646403
NA19240:BB:chr2:202264165	SRR385939	1	0.01028081922270849	0.0028814480972160932	0.013774104683195593
NA19240:BB:chr2:242192848	SRR385941	1	0.218457234163146	0.00794260294728073	0.2029731275014294
NA19240:BB:chr2:242192848	SRR385940	1	0.04842994006075899	0.006404534770281027	0.034403669724770644
NA19240:BB:chr2:242192848	SRR385938	1	0.624249079066328	0.006932848124185691	0.6310865915087551
NA19240:BB:chr2:242192848	SRR385939	1	0.010309549522976658	0.004745875691018637	0.006291781360597719
NA19240:BB:chr2:26502880	SRR385941	1	0.21839865630091546	0.006417105940705518	0.25354558610709116
NA19240:BB:chr2:26502880	SRR385940	1	0.04840541635156617	0.005193255232751776	0.03833797387020775
NA19240:BB:chr2:26502880	SRR385938	1	0.6242253725670698	0.007628135236573828	0.6194935092572887
NA19240:BB:chr2:26502880	SRR385939	1	0.010293277800490127	0.003531549131589213	0.01009736747205193
NA19240:BB:chr2:26502941	SRR385941	1	0.21846580034892973	0.008487639481144822	0.25600231414521263
NA19240:BB:chr2:26502941	SRR385940	1	0.048463444111885357	0.008924807135620823	0.04010293802273215
NA19240:BB:chr2:26502941	SRR385938	1	0.624222601489641	0.007752778453540554	0.6158588435374149
NA19240:BB:chr2:26502941	SRR385939	1	0.010334629503524227	0.006956072068927081	0.01012292118582791
NA19240:BB:chr3:38058044	SRR385941	1	0.2184072999898342	0.008041823999750945	0.2416235358213021
NA19240:BB:chr3:38058044	SRR385940	1	0.048431045868574316	0.007177248000922901	0.026441036488630356
NA19240:BB:chr3:38058044	SRR385938	1	0.6241994658660638	0.007556431456466076	0.6131687242798354
NA19240:BB:chr3:38058044	SRR385939	1	0.010243773191630402	0.0020796668739135158	0.003619254433586681
NA19240:BB:chr3:52130666	SRR385941	1	0.2184440965637158	0.009041473491009271	0.24136069114470843
NA19240:BB:chr3:52130666	SRR385940	1	0.04847384547132385	0.010529279406788538	0.031037093111279335
NA19240:BB:chr3:52130666	SRR385938	1	0.6241490363679965	0.009084810227727768	0.6152179147604142
NA19240:BB:chr3:52130666	SRR385939	1	0.010279829125798954	0.004379373367750425	0.0029122679286494356
NA19240:BB:chr5:135228165	SRR385941	1	0.21845971297466385	0.0071439424463620475	0.21389563106796117
NA19240:BB:chr5:135228165	SRR385940	1	0.04844604485711982	0.006785522015481689	0.04942196531791908
NA19240:BB:chr5:135228165	SRR385938	1	0.6241041461225306	0.008114876294486033	0.6530873686907507
NA19240:BB:chr5:135228165	SRR385939	1	0.010296053905030043	0.0032633176020570804	0.008032128514056224
NA19240:BB:chr5:147805120	SRR385941	1	0.21840075662350023	0.006385802356795892	0.2568553955415269
NA19240:BB:chr5:147805120	SRR385940	1	0.048405115839884806	0.005183855170988992	0.04441070411842855
NA19240:BB:chr5:147805120	SRR385938	1	0.6242276665882733	0.007531106090548419	0.636059217483257
NA19240:BB:chr5:147805120	SRR385939	1	0.010322911483718765	0.005893813113401687	0.0052417006406523005
NA19240:BB:chr6:168352219	SRR385941	1	0.21854133067639986	0.008716806326172883	0.18544418544418545
NA19240:BB:chr6:168352219	SRR385940	1	0.04843018775021082	0.005777262684677376	0.047992164544564155
NA19240:BB:chr6:168352219	SRR385938	1	0.6241766412652657	0.005345786316170987	0.6766951055231253
NA19240:BB:chr6:168352219	SRR385939	1	0.010347525911260267	0.007046616275995814	0.010741510741510741
NA19240:BB:chr8:7308674	SRR385941	6	0.08929654479346444	0.031568339006699045	0.052384891094568516
NA19240:BB:chr8:7308674	SRR385940	6	0.011603824357680922	0.011366580261587565	0.005732301519059902
NA19240:BB:chr8:7308674	SRR385938	6	0.26871894620612347	0.08072319141836304	0.15953527911589685
NA19240:BB:chr8:7308674	SRR385939	6	0.010393527914053471	0.008252520979011923	0.004692632566870014
NA19240:BB:chr8:87641271	SRR385941	1	0.21841661035186136	0.0063717893791490005	0.20759911894273128
NA19240:BB:chr8:87641271	SRR385940	1	0.04846872645284046	0.00936974776151957	0.03159478435305918
NA19240:BB:chr8:87641271	SRR385938	1	0.6242749214756451	0.007059234524596019	0.633147113594041
NA19240:BB:chr8:87641271	SRR385939	1	0.010335906303427267	0.007073906656878966	0.0033200531208499337
NA19240:BB:chr9:2029196	SRR385941	1	0.21847423137103725	0.007988286332663333	0.22754988913525498
NA19240:BB:chr9:2029196	SRR385940	1	0.048394817721461834	0.004984200401460198	0.03661493695441319
NA19240:BB:chr9:2029196	SRR385938	1	0.6242099723112108	0.008806461548036108	0.6331636041620544
NA19240:BB:chr9:2029196	SRR385939	1	0.010292464402843158	0.0031366879474106816	0.014482515012363122
NA19240:BB:chr9:35661088	SRR385941	1	0.21846339684526817	0.00767283156664285	0.18431799618840186
NA19240:BB:chr9:35661088	SRR385940	1	0.04845234768857297	0.007750153914304054	0.024592159727294862
NA19240:BB:chr9:35661088	SRR385938	1	0.6241916161912228	0.006374622423625835	0.6035321218326082
NA19240:BB:chr9:35661088	SRR385939	1	0.01029886854805499	0.0038741186253381443	0.012215812690872073
